experiment_id,manifest_exists,raw_files,metric_files,notes_exists,status
EXP-20260927-001-baseline-reproduction,True,2,3,True,RECORDED_MANIFEST_REVIEW_REQUIRED
EXP-20260928-002-grouped-split,True,1,1,True,RECORDED_MANIFEST_REVIEW_REQUIRED
EXP-20261001-001-cleaned-sft-split,True,1,1,True,RECORDED_MANIFEST_REVIEW_REQUIRED
EXP-20261001-002-medium-stratified-split,True,1,1,True,RECORDED_MANIFEST_REVIEW_REQUIRED
EXP-20261001-003-qlora-finetune,False,3,0,True,INCOMPLETE_REGISTRATION
EXP-20261001-004-balanced-qlora,False,1,0,False,INCOMPLETE_REGISTRATION
EXP-20261001-004-balanced-sft-split,False,1,1,False,INCOMPLETE_REGISTRATION
EXP-20261001-005-lora-r32,False,1,0,False,INCOMPLETE_REGISTRATION
EXP-20261001-006-adapter-compare,False,3,4,False,INCOMPLETE_REGISTRATION
EXP-20261001-007-mixed-medium-compare,False,3,4,True,INCOMPLETE_REGISTRATION
EXP-20261001-008-repaired-balanced-split,True,1,1,True,RECORDED_MANIFEST_REVIEW_REQUIRED
EXP-20261001-009-repaired-qlora,False,1,0,True,INCOMPLETE_REGISTRATION
EXP-20261001-010-repaired-and-baselines,False,4,5,True,INCOMPLETE_REGISTRATION
EXP-20261003-001-complete-source-sft,True,9,1,True,MEASURED_PREPARATION_REVIEW_REQUIRED
EXP-20261003-002-complete-source-sft-v2,True,9,2,True,MEASURED_PREPARATION_REVIEW_REQUIRED
EXP-20261003-003-complete-source-sft-v3,True,11,2,True,MEASURED_PREPARATION_REVIEW_REQUIRED
EXP-20261003-004-relabel-continuations,True,3,1,True,MEASURED
EXP-20261003-005-relabel-qlora,True,1,0,True,RUNNING
EXP-20261004-001-relabel-audit,True,0,0,True,FAILED
EXP-20261004-002-relabel-audit,True,1,1,True,MEASURED
